<?xml version="1.0" encoding="UTF-8"?>
<!DOCTYPE struts PUBLIC 
    "-//Apache Software Foundation//DTD Struts Configuration 2.5//EN" 
    "http://struts.apache.org/dtds/struts-2.5.dtd">
<struts>
	<constant name="struts.devMode" value="true" />
	<package name="login" namespace="/" extends="struts-default">
		<action name="login" class="com.example.LoginAction">
			<result name="success">welcome.jsp</result>
			<result name="input">login.jsp</result>
		</action>
	</package>
</struts>
